{
    "India": {
        "AutoCity_28.6139_77.2090": {
            "lat_min": 28.6039,
            "lat_max": 28.623900000000003,
            "lon_min": 77.199,
            "lon_max": 77.21900000000001
        }
    }
}